"Test","Tank","Subject","Type","Sex","Object_placement","Distance_moved","Velocity","In_zone2_Freq","In_zone_2_cumulative","Zone_2_latency_to_first","In_zone1_Freq","In_zone_1_cumulative","Zone_1_latency_to_first","In_zoneN_Freq","In_zone_N_cumulative","Zone_N_latency_to_first","Moving_","Not_Moving_","Object_1_zone_Freq...20","Object_1_zone_Freq...21","Object_1_zone_latency","Object_2_zone_Freq...23","Object_2_zone_Freq...24","Object_2_zone_latency","Zone_2_Neutral_Zone_Zone_1","Turn_angle","Angular_velocity"
"Trial_291","E1",1,"Habitation","M",NA,1959.06,6.5324,35,85.3184,0.100099,39,88.4882,7.00699,75,122.756,0.400399,289.956,10.0434,13,8.84215,0.166833,10,5.27192,31.4981,15,2.2327,66.9142
"Trial_292","E1",1,"FO","M",NA,2025.01,5.13577,44,140.671,10.6548,35,65.5999,16.2607,80,184.683,0,368.147,26.1494,6,4.63099,92.8636,3,0.69639,34.2276,12,1.4541,41.7612
"Trial_293","E1",1,"NOa_vs_FO","M","Right",1759.05,4.87392,32,94.936,0.4675,31,73.3308,0,63,190.607,0.033392,345.416,15.4943,11,2.93858,0.601072,1,0.267144,35.7972,10,1.15448,34.5725
"Trial_294","E1",1,"NOb_vs_FO","M","Left",1409.68,3.91481,30,183.198,4.63835,16,25.0604,0,45,150.496,4.40476,284.04,76.0489,29,16.351,4.73845,1,4.33802,0,3,1.52051,45.566
"Trial_295","E1",2,"Habitation","M",NA,2013.51,6.71176,41,96.7852,1.60141,44,78.7026,2.80247,85,120.506,1.56805,296.795,3.20282,34,27.9579,1.66813,36,26.123,3.20282,29,-0.0767167,-2.29949
"Trial_296","E1",2,"FO","M",NA,2446.73,6.76468,32,40.2955,0.867287,57,142.535,2.46843,91,175.125,0.967358,358.49,3.20229,11,8.60616,3.13558,21,8.8063,55.5064,16,-0.658535,-19.7419
"Trial_7","E1",2,"NOa_vs_FO","M","Left",1712.87,5.5144,29,67.3582,2.30656,34,136.288,4.84712,48,89.3207,3.34284,263.048,48.07,27,16.8813,2.33999,36,28.7484,4.9474,14,-0.227998,-6.82047
"Trial_298","E1",2,"NOb_vs_FO","M","Right",2025.82,5.6134,15,44.9651,5.57474,47,137.7,0.133526,62,175.955,0.534107,356.65,4.23947,7,4.10595,221.421,15,4.43977,2.70392,7,-0.487998,-14.6187
"Trial_299","E1",3,"Habitation","F",NA,1271.92,4.23928,21,93.2053,71.6887,21,47.1698,0.833977,41,152.318,0.867336,231.112,68.9199,29,33.6927,80.4955,20,14.4778,75.525,13,-0.0415598,-1.24587
"Trial_10","E1",3,"FO","F",NA,857.977,5.06905,12,55.4955,2.30396,23,64.9117,4.67471,25,34.3257,2.50431,150.426,20.1346,11,8.14736,2.37075,12,13.5567,4.74149,6,-0.29145,-8.72847
"Trial_300","E1",3,"NOa_vs_FO","F","Right",746.67,1.99096,5,8.71387,198.383,25,231.268,0,30,133.713,181.255,169.336,205.694,1,0.868049,303.283,1,0.133546,195.612,2,-0.464208,-13.9041
"Trial_301","E1",3,"NOb_vs_FO","F","Left",73.5723,0.204072,0,0,NA,3,357.921,0.43352,2,2.20095,0.533563,5.43568,355.086,0,0,NA,1,11.1381,4.3352,0,-0.106031,-3.17949
"Trial_303","E1",4,"Habitation","F",NA,331.42,1.10523,7,275.044,0.266903,2,4.20372,243.416,6,13.4452,241.047,34.4305,265.535,10,68.4273,3.13611,2,1.36788,244.05,1,-0.882767,-26.4595
"Trial_304","E1",4,"FO","F",NA,517.939,1.43305,7,24.4179,15.5326,9,223.469,16.0336,16,94.1976,15.4324,73.3539,288.271,11,6.17963,15.5994,8,206.4,16.067,3,-0.269125,-8.0568
"Trial_784","E1",4,"NOa_vs_FO","F","Right",22.1933,0.0598158,1,370.928,0.133619,1,0.133619,0,0,0,NA,0.835123,370.193,0,0,NA,0,0,NA,0,-0.528354,-15.8167
"Trial_710","E1",4,"NOb_vs_FO","F","Left",7.7718,0.0212464,1,365.827,0,0,0,NA,0,0,NA,0,365.794,0,0,NA,0,0,NA,0,0.144199,4.31938
"Trial_307","E1",5,"Habitation","M",NA,2019.91,6.73597,31,60.6077,0.600406,40,124.985,2.13478,73,106.305,0.033355,288.996,10.9741,32,17.5452,1.33424,42,33.4893,29.5867,7,-1.19296,-35.7647
"Trial_308","E1",5,"FO","M",NA,1494.44,4.13448,6,83.1872,1.23512,12,7.94485,1.53556,21,268.122,1.36865,281.875,79.582,2,78.8476,2.57039,1,0.433962,1.60232,2,-0.17479,-5.23612
"Trial_583","E1",5,"NOa_vs_FO","M","Left",1973.36,5.47108,10,5.27284,0.600703,42,28.2998,0.066744,56,320.208,0.166862,352.746,8.00937,0,0,NA,1,0.033372,0.100117,2,-0.801137,-24.006
"Trial_584","E1",5,"NOb_vs_FO","M","Right",2028.03,5.60766,10,4.34118,0.834842,17,19.4351,0.066787,25,326.19,1.23557,353.539,8.11467,2,0.467512,0.935023,1,0.033393,0.100181,2,-1.12992,-33.8364
"Trial_311","E1",6,"Habitation","M",NA,1023.07,3.41208,17,137.727,1.33424,14,72.9829,74.7508,32,86.9257,1.10075,230.323,69.614,19,52.5357,2.66848,14,13.8427,84.0571,9,0.124096,3.72034
"Trial_312","E1",6,"FO","M",NA,1127.66,3.1322,12,68.6613,134.487,21,72.7983,0.200178,30,86.5772,138.157,227.336,132.785,3,1.60143,160.443,7,4.83765,2.43551,8,-0.0725359,-2.17423
"Trial_313","E1",6,"NOa_vs_FO","M","Left",1208.48,3.83705,24,84.3336,2.70214,24,45.336,1.86815,43,156.591,2.53534,237.222,78.2287,11,3.03574,2.7355,5,1.56791,2.26847,14,0.237404,7.1165
"Trial_314","E1",6,"NOb_vs_FO","M","Right",858.319,2.36239,20,104.779,3.23476,14,78.7013,61.7938,35,173.41,29.0128,237.604,125.722,1,25.5112,3.43484,5,2.63449,64.9953,5,0.164708,4.93904
"Trial_315","E1",7,"Habitation","M",NA,1390.9,4.63632,25,84.7186,23.7906,29,95.0623,1.86855,53,114.749,11.8452,280.616,19.3862,2,1.16784,53.7541,15,12.7462,6.07278,16,0.19289,5.78087
"Trial_585","E1",7,"FO","M",NA,1490.28,4.12968,26,137.001,1.43613,29,53.9386,2.73868,60,164.588,0.066797,275.504,85.4668,5,64.9267,6.17872,3,1.36934,2.90567,10,0.546759,16.3708
"Trial_711","E1",7,"NOa_vs_FO","M","Right",752.229,3.02248,9,26.6249,166.197,28,181.731,133.158,0,0,NA,161.052,88.0259,3,2.50548,265.447,4,1.97098,271.16,0,-0.215411,-6.4482
"Trial_785","E1",7,"NOb_vs_FO","M","Left",17.002,0.0454196,1,374.364,0,0,0,NA,0,0,NA,0.633782,373.697,0,0,NA,0,0,NA,0,-0.379851,-11.3875
"Trial_588","E1",8,"Habitation","M",NA,220.787,0.737678,5,20.4963,0.734395,2,1.20174,1.16836,5,273.495,0.934684,10.2148,289.385,3,19.2946,0.801158,1,0.467342,6.3425,2,-0.357927,-10.7223
"Trial_803","E1",8,"FO","M",NA,10.6641,0.0284,1,375.531,0,0,0,NA,0,0,NA,0,375.497,0,0,NA,0,0,NA,0,-0.197368,-5.909
"Trial_820","E1",8,"NOa_vs_FO","M","Left",10.6035,0.0292894,1,362.06,0,0,0,NA,0,0,NA,0,362.026,0,0,NA,0,0,NA,0,-0.0140154,-0.420256
"Trial_715","E1",8,"NOb_vs_FO","M","Right",10.7516,0.0298032,0,0,NA,1,360.786,0,0,0,NA,0,360.752,0,0,NA,0,0,NA,0,-0.0332248,-0.994499
"Trial_323","E1",9,"Habitation","M",NA,1703.51,5.68091,31,114.902,0.934161,30,88.8454,0,60,93.6163,0.533806,291.992,7.97373,20,13.0783,2.13522,19,12.9782,0.300266,9,0.364144,10.9146
"Trial_324","E1",9,"FO","M",NA,2165.61,5.98318,32,79.3317,0.533995,33,83.0029,2.26948,66,196.043,0,354.94,7.00869,2,0.200249,0.867742,5,0.600746,2.3696,10,-0.0234639,-0.703038
"Trial_325","E1",9,"NOa_vs_FO","M","Right",1280.47,3.54937,25,168.673,1.03542,21,76.1534,91.6846,46,113.328,65.1312,262.629,98.131,13,102.974,1.23582,5,1.90383,199.301,7,-0.326279,-9.76869
"Trial_326","E1",9,"NOb_vs_FO","M","Left",1368.08,3.75537,40,232.218,0.600822,2,0.700959,197.504,41,125.405,0.700959,317.801,46.4969,10,33.6794,4.50617,0,0,NA,2,0.281793,8.44224
"Trial_327","E1",10,"Habitation","F",NA,1971.53,6.57171,24,116.337,54.2819,27,114.302,4.07031,50,64.4577,9.90887,287.691,12.2777,24,15.5139,105.461,58,59.2197,4.20376,7,-1.10951,-33.2553
"Trial_328","E1",10,"FO","F",NA,58.189,0.469163,2,122.491,1.50316,1,1.30274,0,1,0.200421,1.30274,4.54287,119.484,3,121.622,1.56996,1,1.20253,0,0,0.456113,13.6547
"Trial_329","E1",10,"NOa_vs_FO","F","Left",1441.35,3.953,39,144.694,4.47471,15,75.0016,80.5783,53,140.486,70.9276,248.514,116.109,2,74.5007,4.64168,3,0.634474,81.0458,4,0.0014726,0.0441726
"Trial_716","E1",10,"NOb_vs_FO","F","Right",1727.61,4.79766,20,77.7688,0,33,235.076,1.00174,0,0,NA,326.669,33.4249,1,0.868179,0,0,0,NA,0,0.0692269,2.07318
"Trial_593","E1",11,"Habitation","M",NA,630.932,2.19974,11,40.4407,0.233568,2,1.30131,0.467136,14,4.13749,0.266935,35.5358,251.586,13,4.4378,2.60262,3,0.266934,0.53387,2,0.0962222,2.88369
"Trial_594","E1",11,"FO","M",NA,18.6193,0.0508194,1,366.415,0,0,0,NA,0,0,NA,0,366.382,0,0,NA,0,0,NA,0,-0.0743109,-2.22606
"Trial_821","E1",11,"NOa_vs_FO","M","Right",1776.35,4.92669,42,34.3229,14.8577,34,20.567,1.30213,79,301.661,0.901476,122.334,238.223,15,5.37547,15.1915,7,9.14831,4.47399,6,-0.101493,-3.03981
"Trial_596","E1",11,"NOb_vs_FO","M","Left",7.37624,0.048241,0,0,NA,0,0,NA,0,0,NA,0,152.904,0,0,NA,0,0,NA,0,-0.728672,-21.8026
"Trial_822","E1",12,"Habitation","M",NA,1875.17,6.24996,32,81.9022,1.4691,38,71.9858,0,69,137.127,0.200331,292.518,7.51243,38,27.3453,13.0883,28,20.3337,2.23704,17,-0.633445,-18.9718
"Trial_336","E1",12,"FO","M",NA,1280.15,3.54656,14,90.4057,3.64027,16,25.7157,1.30248,32,243.097,0.500955,280.802,80.1528,10,66.5602,4.14123,1,1.23569,1.46947,3,-0.0694339,-2.07905
"Trial_337","E1",12,"NOa_vs_FO","M","Left",1156.22,3.20262,21,45.6871,5.37692,32,299.571,0,0,0,NA,278.264,82.7578,0,0,NA,3,0.500955,0.901719,0,-0.0449594,-1.34621
"Trial_719","E1",12,"NOb_vs_FO","M","Right",1140.43,3.16443,15,31.6009,0.233586,12,14.3823,1.10119,29,309.669,0,240.294,120.097,6,2.7363,0.433803,3,9.20998,1.16793,6,0.381863,11.4436
"Trial_599","E1",13,"Habitation","M",NA,1562.2,5.21025,30,110.582,0.466872,33,68.5301,38.2835,60,116.018,2.26766,277.022,22.9101,18,9.33744,0.566916,5,2.63449,39.1506,8,-0.254727,-7.63844
"Trial_340","E1",13,"FO","M",NA,1158.88,3.2026,13,187.668,1.03426,23,52.1467,0,33,118.94,0.600537,210.655,151.202,7,153.371,2.36879,4,1.43462,206.852,4,0.448447,13.4413
"Trial_341","E1",13,"NOa_vs_FO","M","Right",1701.37,4.71742,16,23.2477,0,33,67.7753,19.9457,49,261.796,1.83447,355.12,5.63683,4,0.867204,1.2341,10,2.56826,32.8203,6,0.669356,20.0682
"Trial_600","E1",13,"NOb_vs_FO","M","Left",1614.2,4.47405,16,38.475,3.10336,11,27.7968,1.26804,27,292.717,1.06782,347.643,13.1476,8,4.07108,3.20347,2,10.3112,1.43489,5,0.66627,19.9665
"Trial_343","E1",14,"Habitation","M",NA,1166.34,3.88736,18,152.718,7.87277,15,64.1497,0.600465,30,80.6625,0.633824,281.685,18.3476,23,20.8495,8.77347,16,14.3445,50.5392,6,-0.419256,-12.568
"Trial_344","E1",14,"FO","M",NA,1173.96,3.90884,20,130.925,0.033348,18,39.7178,2.13429,38,126.19,0.200089,271.322,29.2131,7,3.8684,0.066696,3,16.8409,2.23434,12,0.320157,9.60054
"Trial_601","E1",14,"NOa_vs_FO","M","Left",1101.03,3.04759,23,164.454,0,33,156.278,21.2575,0,0,NA,318.93,42.3482,0,0,NA,1,0.066742,201.896,0,0.0869999,2.60703
"Trial_720","E1",14,"NOb_vs_FO","M","Right",699.444,1.94254,4,53.2593,178.599,16,212.103,0,19,94.5386,64.8055,175.028,185.039,1,0.333705,201.491,8,172.192,0,4,-0.371712,-11.139
"Trial_347","E2",1,"Habitation","M",NA,2105.11,7.0163,47,120.934,0.734144,30,58.6314,4.03779,75,116.429,2.8031,288.919,11.1123,60,49.9552,0.934365,30,19.0878,53.6593,14,-0.211866,-6.34895
"Trial_348","E2",1,"FO","M",NA,2491.66,6.89401,73,79.0634,0.30024,14,6.80546,1.46784,88,270.183,0.23352,303.143,58.2801,22,7.20578,0.366961,2,1.0008,5.57114,3,0.51742,15.5102
"Trial_603","E2",1,"NOa_vs_FO","M","Right",57.1724,0.25768,0,0,NA,2,217.903,3.70401,2,0.500543,3.5038,3.80412,218.07,0,0,NA,3,216.568,3.80412,0,0.4611,13.818
"Trial_350","E2",1,"NOb_vs_FO","M","Left",1455.66,4.03348,38,48.8777,112.702,63,295.068,0,0,0,NA,269.745,91.1494,9,3.16954,160.245,3,1.13436,81.574,0,0.224628,6.73273
"Trial_351","E2",2,"Habitation","F",NA,162.031,0.540099,1,0.300168,1.00056,6,294.299,1.83437,4,1.70096,0,9.73881,290.263,0,0,NA,3,0.533633,6.50366,0,-0.34856,-10.4509
"Trial_721","E2",2,"FO","F",NA,5.93705,0.0163183,0,0,NA,0,0,NA,0,0,NA,0,363.827,0,0,NA,0,0,NA,0,-0.280345,-8.39342
"Trial_353","E2",2,"NOa_vs_FO","F","Left",23.301,24.929,0,0,NA,1,0.701018,0.400581,0,0,NA,1.03484,0,0,0,NA,1,0.100146,0.233672,0,9.28533,278.156
"Trial_769","E2",2,"NOb_vs_FO","F","Right",122.887,1.21097,1,1.30057,0.033348,2,1.10048,1.86749,3,0.300132,1.33392,4.30189,97.2761,2,0.433523,0.100044,1,0.100044,2.63449,1,-0.34849,-10.4502
"Trial_838","E2",3,"Habitation","F",NA,2033.52,6.76112,33,78.9208,0.133481,39,105.684,11.0789,71,108.62,0.333703,294.193,6.57395,19,9.64402,0.200221,43,28.4315,11.2792,20,-0.93306,-27.9608
"Trial_607","E2",3,"FO","F",NA,1224.63,3.39777,18,167.783,0.100089,27,64.7578,145.964,46,125.879,0,213.29,147.131,12,140.425,0.200178,4,1.23443,171.32,4,-0.981734,-29.4258
"Trial_608","E2",3,"NOa_vs_FO","F","Right",18.3048,5.4302,1,0.83439,0,1,2.26954,1.13477,1,0.30038,0.83439,1.13477,2.23616,1,0.734263,0,1,0.300381,1.76891,1,1.51502,45.3933
"Trial_609","E2",3,"NOb_vs_FO","F","Left",852.269,2.35593,12,81.9621,4.87234,20,164.158,67.0781,32,109.194,56.933,171.466,190.288,4,52.4945,5.0392,10,9.31084,122.476,6,-0.0196479,-0.588793
"Trial_359","E2",4,"Habitation","F",NA,1921.28,6.40419,41,102.092,11.2434,37,78.5706,2.56897,77,113.535,2.70243,273.145,26.8575,33,27.3913,32.1956,35,23.9215,29.8268,14,0.260025,7.79374
"Trial_360","E2",4,"FO","F",NA,2179.31,6.05155,23,34.9347,0.133466,17,19.9532,2.23555,40,302.234,0.066733,356.121,4.10408,0,0,NA,8,3.06972,2.43575,1,-0.499435,-14.9682
"Trial_361","E2",4,"NOa_vs_FO","F","Left",2536.89,7.03921,27,66.7396,0.266958,55,100.443,0,80,189.707,0.066739,332.063,28.331,13,33.837,4.83862,40,18.1865,0,9,-0.71559,-21.4443
"Trial_610","E2",4,"NOb_vs_FO","F","Right",2367.01,6.56911,14,44.2603,0.066757,60,158.783,2.13624,70,153.376,1.96935,343.668,16.8563,8,18.7923,1.43529,55,40.889,5.14033,7,-0.898678,-26.9236
"Trial_611","E2",5,"Habitation","F",NA,732.994,2.4433,7,36.6369,3.43679,19,104.538,3.93729,25,154.656,3.47016,144.212,155.79,10,9.30937,200.201,27,35.102,100.735,6,0.570738,17.1049
"Trial_612","E2",5,"FO","F",NA,825.355,2.28719,17,213.894,4.3039,13,36.7,180.43,29,104.728,173.124,188.538,172.323,8,169.153,4.50409,6,2.16864,253.597,5,-0.237359,-7.11435
"Trial_613","E2",5,"NOa_vs_FO","F","Right",27.8952,0.147736,1,4.0025,0,1,184.549,4.30269,1,0.300187,4.0025,1.1674,187.651,1,3.90244,0,2,184.282,4.43611,1,0.217193,6.51178
"Trial_366","E2",5,"NOb_vs_FO","F","Left",340.322,0.934026,7,27.9533,275.664,14,54.7058,267.191,0,0,NA,83.4597,280.901,4,1.06743,278.166,3,1.33429,1.23422,0,-0.00452734,-0.135653
"Trial_367","E2",6,"Habitation","M",NA,1530.1,5.10484,17,110.216,7.36997,20,43.753,12.9058,37,129.825,7.10319,199.656,100.178,28,16.3073,7.50337,10,7.13654,18.475,10,-0.64803,-19.4321
"Trial_368","E2",6,"FO","M",NA,1452.12,4.02631,27,89.0888,4.80299,17,116.339,3.76901,43,72.9121,0.833852,185.049,175.809,19,8.47194,4.96976,5,1.63435,165.603,12,-0.175905,-5.27391
"Trial_832","E2",6,"NOa_vs_FO","M","Left",1676.9,4.6504,37,115.393,124.701,64,86.6033,120.731,0,0,NA,222.113,138.545,32,20.65,125.735,8,2.96907,123.466,0,0.50162,15.0365
"Trial_370","E2",6,"NOb_vs_FO","M","Right",76.3938,0.323469,0,0,NA,2,234.433,1.16932,2,0.801823,0.968869,4.6439,231.526,0,0,NA,3,234.032,1.23614,0,-0.919007,-27.5076
"Trial_615","E2",7,"Habitation","M",NA,2173.13,7.24376,36,119.186,6.80303,37,85.8049,4.06848,75,88.6729,3.70165,288.929,11.0716,33,22.8435,7.3366,16,11.105,4.5687,20,-0.0409029,-1.22653
"Trial_825","E2",7,"FO","M",NA,1821.73,5.05906,30,180.846,2.5678,26,82.0361,0,57,96.0089,2.36771,275.254,84.8373,28,85.5043,2.60114,17,9.00396,0,17,0.202552,6.07388
"Trial_373","E2",7,"NOa_vs_FO","M","Right",2608.21,7.24316,41,94.175,15.1734,45,83.4036,0,85,180.48,7.36993,338.55,21.5429,25,9.07068,16.4073,20,20.4424,0,24,-0.0388465,-1.1649
"Trial_374","E2",7,"NOb_vs_FO","M","Left",2642.55,7.32905,57,155.935,2.53445,38,51.0558,27.3454,93,148.732,4.1018,333.046,27.5121,47,38.5503,2.96797,7,1.36727,28.6126,25,0.63765,19.1211
"Trial_375","E2",8,"Habitation","M",NA,1767.68,5.8922,35,95.9106,15.7072,31,96.811,20.376,64,101.446,4.36867,266.622,33.3819,42,27.3792,16.9077,26,28.2463,20.7762,20,-0.990472,-29.7005
"Trial_376","E2",8,"FO","M",NA,9.53385,0.0263517,0,0,NA,0,0,NA,0,0,NA,0,361.792,0,0,NA,0,0,NA,0,-0.0276664,-0.829617
"Trial_617","E2",8,"NOa_vs_FO","M","Left",2157.79,5.99286,53,259.883,3.36817,32,28.1792,2.50111,83,67.2633,2.63451,180.947,179.113,16,6.13607,3.50156,23,5.46911,4.73544,20,-0.632042,-18.9528
"Trial_378","E2",8,"NOb_vs_FO","M","Right",3150.57,8.69939,140,218.997,3.76833,2,1.00044,4.86882,142,129.958,2.90128,346.754,15.4068,26,6.06935,3.83503,1,0.066697,14.9733,2,1.05861,31.7442
"Trial_842","E2",9,"Habitation","M",NA,1569.6,5.23315,15,140.162,11.0049,17,108.315,0.100044,30,47.3211,3.76835,274.056,25.9449,18,12.8724,12.5056,20,12.739,5.5358,7,-0.996435,-29.8797
"Trial_619","E2",9,"FO","M",NA,1539.78,4.27252,7,7.57002,0.533569,15,245.742,5.86926,23,54.1907,1.10049,275.122,85.3711,1,0.300132,0.666962,4,1.33392,221.198,1,-1.52051,-45.5951
"Trial_620","E2",9,"NOa_vs_FO","M","Right",840.246,2.33342,24,78.6012,81.6693,7,210.859,0,31,69.6973,80.6355,150.733,209.359,21,23.3769,82.603,3,82.2695,0,4,0.423669,12.7045
"Trial_382","E2",9,"NOb_vs_FO","M","Left",1203.63,3.34258,22,174.443,0,27,82.0692,143.93,48,102.445,141.862,234.869,125.221,12,131.924,0,19,20.2755,155.301,7,-0.459621,-13.7826
"Trial_621","E2",10,"Habitation","F",NA,1058.4,3.52958,15,32.1809,122.421,27,121.32,3.83503,42,136.894,3.73499,188.217,111.749,11,9.47086,123.021,15,17.0409,3.96842,5,0.105652,3.16815
"Trial_384","E2",10,"FO","F",NA,1373.87,3.81535,21,97.4426,4.30188,30,119.519,0,50,141.862,4.10179,292.461,67.6295,8,63.5944,4.36857,22,20.5757,0,6,-0.71226,-21.3585
"Trial_385","E2",10,"NOa_vs_FO","F","Right",957.327,2.65858,11,158.202,0,21,96.1417,128.489,31,105.212,128.222,226.532,133.558,10,135.025,0,16,12.8723,168.373,11,-0.544705,-16.334
"Trial_386","E2",10,"NOb_vs_FO","F","Left",915.299,2.54186,13,27.5787,112.382,17,260.214,0,30,71.4645,112.182,189.816,170.274,9,6.10267,112.449,23,180.946,0,6,-0.220479,-6.61151
"Trial_387","E2",11,"Habitation","F",NA,1095.24,3.65075,7,112.218,34.8492,6,155.604,4.06852,11,26.9122,33.3818,228.804,71.199,32,30.9141,35.216,10,31.4476,4.16856,1,0.672097,20.1537
"Trial_388","E2",11,"FO","F",NA,755.502,2.09808,11,243.574,3.63493,14,40.3511,0,25,75.5666,3.43484,173.176,186.916,18,186.815,3.70163,4,7.03643,0,1,-0.288771,-8.65933
"Trial_389","E2",11,"NOa_vs_FO","F","Left",1798.02,4.98723,14,30.1799,3.70163,53,114.851,6.13603,67,209.692,3.30145,275.488,85.0374,13,7.73674,5.13559,8,66.2291,6.20273,1,0.250188,7.50229
"Trial_390","E2",11,"NOb_vs_FO","F","Right",1273.56,3.53512,10,98.8438,0.400177,10,29.0795,108.681,22,226.334,0.70031,203.323,157.136,9,88.8727,0.533569,3,1.90084,252.145,4,0.0692553,2.07678
"Trial_391","E2",12,"Habitation","M",NA,1628.85,5.4373,25,113.785,0.233438,29,81.837,2.93466,55,99.9452,0,272.523,27.2456,27,9.17081,0.733664,14,12.0721,15.2069,9,-0.15845,-4.75134
"Trial_392","E2",12,"FO","M",NA,1186.92,3.29617,10,186.015,1.50065,30,88.1052,0,41,85.404,1.26722,174.376,185.714,4,181.713,1.56735,22,13.5059,0,2,-0.326698,-9.79671
"Trial_393","E2",12,"NOa_vs_FO","M","Left",1485.97,6.08238,16,18.1747,2.5678,34,90.94,155.135,49,97.8097,3.10136,204.79,39.6174,6,3.63493,2.66784,24,13.1391,166.673,4,-1.3764,-41.2739
"Trial_622","E2",12,"NOb_vs_FO","M","Right",854.857,2.374,2,0.466871,230.134,23,276.387,0,25,82.5694,215.227,144.03,216.061,0,0,NA,19,226.832,0,0,-0.317425,-9.5186
"Trial_623","E3",1,"Habitation","M",NA,1412.66,4.71413,11,16.8074,2.40106,20,229.435,29.2129,30,51.0559,3.70164,281.591,18.2414,9,5.13561,2.46776,97,99.7108,29.8799,2,-0.971923,-29.1447
"Trial_396","E3",1,"FO","M",NA,1590.23,4.55412,5,3.03466,4.43527,27,301.332,5.13558,34,40.9512,0.233435,331.445,17.7411,0,0,NA,69,33.8481,5.23562,1,-0.143827,-4.31293
"Trial_397","E3",1,"NOa_vs_FO","M","Right",1171.4,3.25214,3,16.0071,0.233436,36,179.146,113.517,39,164.606,10.3046,244.375,115.818,3,11.4717,0.366829,43,21.0093,120.453,2,-0.0559758,-1.67852
"Trial_624","E3",1,"NOb_vs_FO","M","Left",1631.83,4.52585,29,53.8235,3.00131,25,77.6006,4.76875,55,123.787,2.96796,259.147,101.411,13,4.83545,4.50197,25,11.2716,4.83544,11,0.74823,22.4371
"Trial_399","E3",2,"Habitation","F",NA,1948.32,6.51826,26,162.207,0,22,73.1664,1.23389,47,55.3583,0.266787,280.76,18.6418,20,10.5047,3.63497,12,7.60343,12.5723,10,0.638489,19.1461
"Trial_400","E3",2,"FO","F",NA,1991.43,5.52725,33,122.654,1.10049,42,85.4712,1.46732,74,147.966,1.16718,294.997,65.2956,15,57.7923,2.90128,3,0.70031,1.66741,17,-0.257683,-7.72709
"Trial_401","E3",2,"NOa_vs_FO","F","Left",1933.68,5.36301,31,78.4347,1.23388,32,134.893,0.033348,64,143.163,1.06714,339.684,20.8759,16,6.93641,1.30058,25,11.0382,0.100044,12,-0.212577,-6.37447
"Trial_402","E3",2,"NOb_vs_FO","F","Right",1983.2,5.5075,23,47.354,0,44,119.652,7.43658,68,190.183,7.20315,343.683,16.4072,5,8.87054,0,11,5.5691,8.50371,12,-0.325405,-9.75787
"Trial_625","E3",3,"Habitation","M",NA,1688.95,5.6298,23,101.579,10.438,25,111.583,3.40153,48,79.3356,3.60162,292.064,7.9369,32,38.5506,11.6386,56,49.9891,4.23523,16,0.278924,8.36397
"Trial_626","E3",3,"FO","M",NA,1981.83,5.5037,25,115.317,0,30,166.573,78.8011,54,76.5001,52.8564,279.222,80.8687,24,77.9674,0,28,16.8073,78.8678,10,0.732096,21.9532
"Trial_405","E3",3,"NOa_vs_FO","M","Right",1370.31,3.80436,27,22.4767,2.46777,47,262.284,0,0,0,NA,289.896,70.298,4,2.56781,106.247,12,9.43754,17.4078,0,-0.610948,-18.3203
"Trial_406","E3",3,"NOb_vs_FO","M","Left",6.1067,0.0563097,0,0,NA,0,0,NA,0,0,NA,0,108.448,0,0,NA,1,108.482,0,0,0.907328,27.2078
"Trial_407","E3",4,"Habitation","M",NA,3338.29,11.1277,107,126.056,4.20186,39,23.5104,35.7825,149,144.731,4.3019,271.654,28.3459,96,54.991,24.9444,12,5.36904,37.55,3,0.600514,18.0074
"Trial_408","E3",4,"FO","M",NA,26.8628,0.0744761,1,360.724,0,0,0,NA,0,0,NA,1.46731,359.224,1,360.124,0.600262,0,0,NA,0,-0.0570663,-1.71126
"Trial_409","E3",4,"NOa_vs_FO","M","Right",55.0602,0.152878,1,6.80299,0.033348,1,353.355,6.86969,0,0,NA,7.13647,353.022,5,4.1018,0.200088,0,0,NA,0,-0.604256,-18.1197
"Trial_727","E3",4,"NOb_vs_FO","M","Left",176.704,0.849438,4,201.855,2.80123,2,0.233436,2.40106,3,0.867049,2.5011,7.13647,200.988,1,201.055,7.10312,0,0,NA,1,0.404764,12.1376
"Trial_411","E3",5,"Habitation","M",NA,1227.62,4.09204,16,81.8036,0,18,113.651,22.8437,34,99.9118,0.033348,271.423,28.5796,24,26.7454,3.33484,26,22.9437,23.4439,10,-0.0725739,-2.17619
"Trial_834","E3",5,"FO","M",NA,1955.42,5.42378,1,0.333482,4.06848,87,229.336,2.06759,0,0,NA,337.15,23.3771,0,0,NA,3,1.16719,225.334,0,-0.027903,-0.836759
"Trial_413","E3",5,"NOa_vs_FO","M","Left",1960.08,5.44334,3,2.2343,112.348,80,236.902,0,83,119.451,97.0752,252.509,107.58,1,0.133391,113.082,10,98.8426,0,2,-0.378556,-11.3518
"Trial_729","E3",5,"NOb_vs_FO","M","Right",137.724,0.722519,2,0.566914,2.80122,0,0,NA,3,0.833698,2.90127,6.96971,183.747,1,0.100044,4.86879,0,0,NA,0,-0.469019,-14.0644
"Trial_730","E3",6,"Habitation","M",NA,1858.1,6.19359,37,60.4275,2.1343,40,96.3772,6.36956,77,139.397,3.26815,297.369,2.63453,30,22.6436,2.23435,36,29.0465,8.83735,15,0.614725,18.4333
"Trial_631","E3",6,"FO","M",NA,1541.52,4.27578,22,105.98,3.30144,25,52.6563,2.50109,45,196.553,3.23475,343.383,17.1408,35,31.2136,3.33479,3,1.90083,5.03553,8,0.0963044,2.88785
"Trial_417","E3",6,"NOa_vs_FO","M","Left",1013.62,2.8149,8,31.6473,86.4047,31,110.115,0,38,217.329,12.5388,277.189,82.9031,4,3.50154,236.437,11,24.344,0,3,0.352824,10.5801
"Trial_731","E3",6,"NOb_vs_FO","M","Right",1436.32,3.98066,26,106.013,0.800347,25,104.445,0.066695,49,148.798,6.60286,327.009,33.8147,18,20.4089,0.90039,7,4.23517,0.133391,12,0.207236,6.21441
"Trial_419","E3",7,"Habitation","M",NA,2408.89,8.03579,50,89.0071,6.06943,43,105.148,8.13703,93,99.5786,4.56874,271.123,28.8131,49,38.3508,56.8592,53,62.962,10.5381,37,0.827281,24.8072
"Trial_633","E3",7,"FO","M",NA,2418.32,6.71523,14,35.4156,0.100044,39,42.1519,10.8714,57,281.457,0,352.588,7.53665,15,12.839,1.00044,4,1.20053,210.593,3,-0.00266663,-0.0799517
"Trial_421","E3",7,"NOa_vs_FO","M","Right",1773.98,6.97108,12,9.27069,1.26722,35,231.734,0,0,0,NA,253.176,1.30056,2,1.06713,2.03422,5,1.26722,4.73539,0,0.0108991,0.326838
"Trial_422","E3",7,"NOb_vs_FO","M","Left",147.042,0.408157,5,356.158,2.46776,1,0.16674,3.10137,2,0.666963,2.6345,7.46997,352.89,4,354.09,4.26856,0,0,NA,1,-0.439058,-13.1659
"Trial_423","E3",8,"Habitation","M",NA,1958.73,6.52905,35,34.0821,0,44,124.89,4.00181,80,135.795,0.533574,237.007,62.9951,18,11.3385,5.76927,36,39.6846,4.10185,13,-0.298264,-8.94388
"Trial_634","E3",8,"FO","M",NA,1977.98,5.49297,25,74.1328,0,33,67.4632,39.8176,58,217.463,7.40328,348.321,11.7719,19,15.6736,0,7,2.90129,100.911,12,0.789623,23.6782
"Trial_425","E3",8,"NOa_vs_FO","M","Left",1823.22,5.06323,27,116.084,0,38,44.3527,51.1223,66,197.953,47.9543,312.67,47.4207,22,60.4597,0,6,2.16761,132.691,18,0.748441,22.4434
"Trial_426","E3",8,"NOb_vs_FO","M","Right",1741.06,4.83509,23,39.4837,79.8344,40,166.172,0,64,152.833,74.232,284.723,75.3658,7,3.33477,80.1679,30,99.3094,0,12,0.458319,13.7436
"Trial_732","E3",9,"Habitation","M",NA,1819.05,6.06347,25,129.892,6.46957,27,97.5104,0,52,67.4303,1.00045,275.19,24.8111,34,13.0725,6.50292,22,18.8418,11.105,6,-0.204333,-6.12714
"Trial_636","E3",9,"FO","M",NA,2345.78,6.51318,13,27.6456,1.06714,67,110.049,0.266784,81,220.197,0.466873,325.611,34.5486,5,11.6385,1.16718,9,2.66785,31.3139,3,0.0242762,0.728001
"Trial_429","E3",9,"NOa_vs_FO","M","Right",1314.91,3.65159,14,10.7047,3.50154,29,244.407,0,47,103.579,2.90128,117.252,242.84,4,1.70075,236.804,6,3.73498,0,5,-0.760397,-22.8019
"Trial_430","E3",9,"NOb_vs_FO","M","Left",1280.75,3.53026,22,186.682,3.36814,34,47.0872,5.30232,52,124.221,3.73496,153.6,209.191,4,179.879,3.46818,7,1.70074,5.36901,1,-0.694456,-20.8246
"Trial_431","E3",10,"Habitation","M",NA,2358.44,7.87277,48,83.7714,0.967106,49,61.0278,15.7405,98,138.696,2.66788,291.466,8.30377,50,38.2841,1.0338,41,21.8433,20.8428,31,-0.750557,-22.5064
"Trial_432","E3",10,"FO","M",NA,1449.78,4.02428,4,6.83634,4.1018,3,1.53401,28.5125,9,347.286,3.4015,279.323,81.0356,5,4.73542,4.2352,0,0,NA,0,-0.329215,-9.87212
"Trial_433","E3",10,"NOa_vs_FO","M","Left",766.927,2.12982,4,64.3614,0,11,7.10311,110.415,16,287.992,59.8928,155.435,204.656,4,62.5273,0,0,0,NA,0,0.321376,9.63707
"Trial_434","E3",10,"NOb_vs_FO","M","Right",823.664,2.28737,3,5.33568,30.0465,4,10.1378,0,7,344.518,5.20229,193.218,166.873,1,0.266784,126.589,1,5.0689,0,2,-0.240604,-7.21495
"Trial_435","E3",11,"Habitation","M",NA,1668.32,5.56231,32,117.585,7.03645,23,67.5966,2.83459,54,110.049,4.86882,289.895,10.0378,25,17.3744,9.60425,19,13.506,2.93463,11,0.28187,8.45233
"Trial_637","E3",11,"FO","M",NA,1603.32,4.45253,19,66.1626,0,23,28.3792,24.6109,45,263.383,18.1414,336.316,23.7772,2,17.5744,0,0,0,NA,7,0.253204,7.59272
"Trial_638","E3",11,"NOa_vs_FO","M","Right",845.523,2.3206,3,0.96708,4.26849,22,22.8431,4.86875,27,326.74,4.00171,183.445,180.911,3,0.400171,4.33519,2,0.233433,4.93544,1,0.327731,9.82767
"Trial_639","E3",11,"NOb_vs_FO","M","Left",1027.92,2.85463,1,5.80253,0.566914,9,5.70249,0,10,347.985,0.066695,249.109,110.982,1,5.60245,0.666958,0,0,NA,1,-0.966288,-28.976
"Trial_439","E3",12,"Habitation","M",NA,1581.7,5.27233,22,83.1037,1.90085,26,118.686,31.0472,50,94.8756,1.66741,267.486,32.5145,28,22.7768,2.16763,34,23.6772,31.9809,12,0.517689,15.5237
"Trial_440","E3",12,"FO","M",NA,1657.25,5.25657,30,60.6267,9.30409,58,174.477,0,0,0,NA,299.799,15.4735,6,1.20053,9.83766,16,4.36859,31.0803,0,0.210489,6.31188
"Trial_441","E3",12,"NOa_vs_FO","M","Right",1255.35,3.48493,12,36.3492,0,36,81.7024,33.8148,47,241.305,10.5046,261.748,98.4764,8,16.3071,0.033347,6,3.70162,251.21,8,0.426201,12.7804
"Trial_442","E3",12,"NOb_vs_FO","M","Left",121.147,0.471247,3,252.842,4.00172,1,0.200086,3.60155,2,0.466868,3.10134,6.36941,250.708,2,251.041,4.03507,0,0,NA,0,0.275509,8.26169
"Trial_640","E3",13,"Habitation","M",NA,3187.97,10.6324,102,128.392,2.50114,49,20.3092,8.00364,151,148.534,2.43444,297.002,2.93467,97,55.2251,2.56783,10,2.86797,10.5715,35,-0.236083,-7.0793
"Trial_444","E3",13,"FO","M",NA,1197.95,5.93764,25,18.8082,3.43483,12,10.4379,5.20227,37,94.0744,3.06801,117.618,84.3368,4,1.03378,3.66827,9,3.03466,5.36901,1,-0.905859,-27.1638
"Trial_445","E3",13,"NOa_vs_FO","M","Left",2264.26,6.22922,11,11.8051,3.6349,79,57.2246,4.83542,88,289.458,3.5682,321.572,42.0181,3,8.23688,4.63533,2,0.333477,92.7733,1,-0.701799,-21.0449
"Trial_733","E3",13,"NOb_vs_FO","M","Right",683.197,1.89729,4,226.099,0,16,8.50374,231.335,21,125.022,192.751,106.313,253.778,9,223.865,0,1,0.16674,277.155,0,-0.495182,-14.8489
"Trial_447","E3",14,"Habitation","M",NA,1633.65,5.44731,24,59.1931,6.16942,36,145.932,0.066696,60,88.0392,0.400178,279.991,20.0089,13,9.30415,16.4073,23,26.2784,0.133392,9,0.148328,4.4479
"Trial_642","E3",14,"FO","M",NA,1442.26,3.96198,20,73.8323,4.70205,9,13.2391,3.23475,27,270.351,3.9017,323.675,40.351,1,30.48,6.86967,2,0.366828,4.06844,3,0.602156,18.0567
"Trial_449","E3",14,"NOa_vs_FO","M","Left",453.589,1.25976,6,4.1018,3.30145,5,12.0386,3.60158,10,267.818,3.3348,57.5253,302.733,2,0.133392,4.06846,1,0.16674,332.713,2,-0.109433,-3.28154
"Trial_643","E3",14,"NOb_vs_FO","M","Right",109.415,0.303854,0,0,NA,2,68.0633,0,2,292.028,67.1962,18.0746,342.017,0,0,NA,1,67.0295,0,0,-0.208323,-6.24694
"Trial_644","C1",1,"Habitation","M",NA,1087.83,3.62609,22,92.708,0.967097,20,94.4421,7.57004,42,106.714,0.100044,259.082,40.9182,19,53.5572,1.00045,21,28.7795,45.8871,10,0.0791296,2.3728
"Trial_452","C1",1,"FO","M",NA,993.64,2.75686,17,54.0903,3.70162,19,96.3754,0.300131,34,150.099,0.967089,240.872,119.552,5,2.00088,3.80166,2,0.100044,0.366826,8,0.275429,8.25924
"Trial_453","C1",1,"NOa_vs_FO","M","Right",957.841,2.64166,19,91.0061,0.033347,16,98.2426,4.93547,32,167.773,4.83543,233.668,128.923,12,19.6085,2.63448,4,2.93461,5.00217,11,0.0199311,0.597659
"Trial_645","C1",1,"NOb_vs_FO","M","Left",524.944,1.4479,15,131.757,0.233433,6,28.9125,5.33563,20,196.018,5.16889,88.2047,274.352,8,9.23731,2.73451,3,19.1082,5.43567,3,0.215248,6.45466
"Trial_646","C1",2,"Habitation","M",NA,1423.18,4.74179,15,21.8432,51.9235,33,121.021,58.2597,46,102.68,57.0925,242.143,58.193,11,6.86977,51.9902,33,31.5809,59.2935,6,-0.615446,-18.455
"Trial_456","C1",2,"FO","M",NA,1427.95,3.96366,23,12.1721,1.00044,34,134.426,2.43441,58,167.508,0.300132,164.84,195.687,4,0.633614,4.96887,12,6.90306,2.53445,3,-0.566801,-16.9965
"Trial_647","C1",2,"NOa_vs_FO","M","Left",1465.83,4.06546,26,111.015,0.133391,35,136.026,1.6007,58,110.982,3.50153,215.261,145.297,7,92.8739,0.867045,22,15.7069,2.10092,0,-0.404346,-12.1251
"Trial_648","C1",2,"NOb_vs_FO","M","Right",0.17088,0.394166,0,0,NA,1,0.566916,0,0,0,NA,0.066696,0.466872,0,0,NA,0,0,NA,0,59.3141,1778.64
"Trial_649","C1",3,"Habitation","M",NA,1534.86,5.08344,24,141.529,0.500221,19,57.292,0.033348,44,95.3756,0.266784,282.392,19.542,27,21.6096,0.733658,13,15.4402,0.100044,6,0.437431,13.1171
"Trial_650","C1",3,"FO","M",NA,1186.81,3.28246,9,163.206,3.60159,29,98.677,0,40,96.2093,0.200088,213.428,148.132,8,130.625,3.70164,5,3.36816,2.5678,5,-0.634155,-19.0162
"Trial_461","C1",3,"NOa_vs_FO","M","Right",1153.65,3.19904,19,108.014,82.0692,34,160.87,51.3558,0,0,NA,289.827,70.7976,22,18.0746,113.716,4,2.06757,106.613,0,0.11109,3.33121
"Trial_651","C1",3,"NOb_vs_FO","M","Left",1176.79,3.26439,16,65.6289,106.38,39,157.136,0.066696,0,0,NA,273.22,87.2717,7,5.9026,108.114,3,1.30057,1.26722,0,-0.221773,-6.65024
"Trial_652","C1",4,"Habitation","M",NA,1668.81,5.56264,23,63.2621,1.43398,21,116.053,9.63772,44,111.617,1.1672,248.88,51.5901,22,20.476,14.3732,30,18.2416,9.70441,7,-0.0706582,-2.11878
"Trial_734","C1",4,"FO","M",NA,1748.18,4.84628,25,147.031,2.60114,29,84.137,0.400176,54,127.589,0.066696,278.289,82.4363,20,84.037,2.70119,22,10.0711,0.600264,8,0.194566,5.8344
"Trial_465","C1",4,"NOa_vs_FO","M","Left",550.921,1.43818,13,22.0096,152.367,25,191.35,148.765,0,0,NA,92.4404,290.627,1,0.300131,185.181,2,1.06713,354.188,0,-0.314441,-9.42907
"Trial_466","C1",4,"NOb_vs_FO","M","Right",123.1,0.623545,1,192.151,5.43572,1,0.400176,3.53489,1,0.233436,3.30145,6.00264,191.518,1,191.784,5.80255,1,0.233436,3.60158,0,0.101684,3.04916
"Trial_812","C1",5,"Habitation","M",NA,1918.77,6.41868,33,115.419,29.4133,23,65.3962,13.3394,56,79.4359,13.306,263.853,35.8829,32,17.2745,39.2177,15,16.0406,13.3727,13,0.16051,4.81322
"Trial_736","C1",5,"FO","M",NA,976.793,2.70885,18,223.266,2.43441,11,35.8492,0.733658,28,99.5441,2.10093,170.509,190.184,12,197.454,2.73454,5,1.26723,0.86705,7,-0.108022,-3.23927
"Trial_469","C1",5,"NOa_vs_FO","M","Left",1344.16,3.72833,17,35.7158,0,33,141.863,2.16763,49,181.614,1.83414,277.156,83.3703,9,3.83503,0.066696,11,80.8358,2.23432,7,0.224134,6.7211
"Trial_470","C1",5,"NOb_vs_FO","M","Right",847.825,2.82578,7,111.816,1.90084,23,89.3726,102.845,29,96.6759,60.5933,188.616,111.416,5,96.4091,2.00088,11,6.50286,153.701,3,0.502341,15.0636
"Trial_737","C1",6,"Habitation","M",NA,1495.83,4.96291,21,151.435,6.50292,17,43.9531,0.600269,38,99.578,4.20188,232.804,68.8976,54,28.8129,7.67011,14,8.67056,10.5381,11,0.586949,17.6006
"Trial_657","C1",6,"FO","M",NA,1695.14,4.70144,22,204.389,0,13,90.4729,2.53444,37,62.6274,0.033347,261.881,98.6764,71,29.9464,2.13427,6,67.1293,2.60114,5,1.24115,37.2181
"Trial_473","C1",6,"NOa_vs_FO","M","Right",400.477,1.10225,6,94.3748,0.600264,7,12.1053,91.04,11,250.01,90.7733,48.488,314.939,10,76.1668,0.700308,4,0.933744,91.1734,3,-0.743792,-22.304
"Trial_474","C1",6,"NOb_vs_FO","M","Left",590.271,1.97482,9,81.5025,55.9246,7,16.8741,115.251,17,58.8259,76.467,82.503,217.029,3,0.466872,55.9579,0,0,NA,4,-0.208465,-6.25118
"Trial_475","C1",7,"Habitation","M",NA,1281.75,4.27247,19,149.667,7.47002,20,73.4663,0.200089,39,68.9976,0.266786,250.713,49.2888,15,29.3132,7.53672,8,8.27038,6.46957,8,0.440641,13.2133
"Trial_476","C1",7,"FO","M",NA,1648.64,4.57925,24,180.779,0.46687,23,68.5966,0,44,105.313,0.233435,296.83,63.2943,13,21.0759,5.46905,1,1.26722,2.60114,12,0.0582658,1.74723
"Trial_477","C1",7,"NOa_vs_FO","M","Left",1483.73,4.11738,25,147.898,0.033348,24,82.0694,0.300132,50,126.689,0.100044,285.526,74.8329,10,8.37035,27.9456,7,20.9425,1.03379,12,0.0486637,1.45928
"Trial_478","C1",7,"NOb_vs_FO","M","Right",1739.23,4.82594,32,205.724,0,17,39.6508,2.30101,47,101.711,0.066696,274.921,85.571,11,4.93551,0.733656,1,0.566916,2.4344,12,1.27805,38.3246
"Trial_658","C1",8,"Habitation","M",NA,1913.37,6.37788,42,99.3443,0.333482,39,69.2309,6.93642,79,122.721,6.83638,270.454,29.5465,36,38.5839,4.10183,30,18.1748,7.00312,19,0.532232,15.9598
"Trial_480","C1",8,"FO","M",NA,1049.33,2.9111,8,3.56823,0.700305,29,126.255,4.00175,38,223.498,6.16936,147.531,213.026,1,0.066695,116.051,4,85.8708,6.3361,2,-0.275136,-8.25043
"Trial_659","C1",8,"NOa_vs_FO","M","Right",1397.85,3.87263,15,42.5519,0,56,234.669,0.967089,0,0,NA,274.953,86.1043,9,26.3448,0.733653,4,2.46774,2.93461,0,-0.540407,-16.2051
"Trial_660","C1",8,"NOb_vs_FO","M","Left",113.145,3.62099,0,0,NA,4,19.4419,0,0,0,NA,24.8443,6.40281,0,0,NA,1,0.033348,13.7727,0,-0.214581,-6.43459
"Trial_661","C1",9,"Habitation","M",NA,1817.35,6.05779,11,17.4412,0,47,188.051,6.70301,58,87.706,6.60296,274.123,25.8783,6,12.6724,3.40153,77,72.0323,21.0761,1,-0.793514,-23.7947
"Trial_662","C1",9,"FO","M",NA,1019.51,2.82733,8,3.03466,0,27,142.829,131.624,31,143.196,71.698,121.02,239.571,1,0.433523,252.01,17,7.70336,132.591,2,-0.444674,-13.3344
"Trial_663","C1",9,"NOa_vs_FO","M","Left",1605.04,4.4532,18,21.1092,1.30057,28,201.221,0.900393,46,134.425,1.13383,247.141,113.383,8,1.90083,96.3754,22,77.9007,1.00044,6,-0.720337,-21.6006
"Trial_664","C1",9,"NOb_vs_FO","M","Right",1321.47,4.41623,28,124.687,29.913,15,35.8155,34.1815,45,107.113,24.644,195.385,104.245,9,3.03465,69.897,3,0.533565,35.5821,3,0.700296,20.9997
"Trial_813","C1",10,"Habitation","M",NA,1475.59,4.84269,26,129.659,1.1005,19,72.7996,2.70122,44,98.1443,1.13384,289.431,15.4737,35,22.6436,1.66742,18,15.9405,14.9734,10,0.0756097,2.26728
"Trial_840","C1",10,"FO","M",NA,1627.96,4.50595,10,2.53443,0,71,108.247,0.633608,78,248.708,0.233434,237.403,123.887,5,0.533565,0.066695,5,15.0399,1.20052,3,0.772193,23.1558
"Trial_667","C1",10,"NOa_vs_FO","M","Right",1381.7,3.81166,9,49.555,1.56735,42,43.7524,38.7169,51,267.584,0.366826,241.772,120.719,12,38.05,1.76744,3,1.46731,169.707,5,-0.470792,-14.1176
"Trial_668","C1",10,"NOb_vs_FO","M","Left",1263.38,3.47341,9,118.52,3.6016,27,30.6136,2.50111,35,209.627,3.36817,238.84,124.889,9,99.7445,3.76835,4,0.333483,2.96799,6,-0.256844,-7.70198
"Trial_669","C1",11,"Habitation","F",NA,1932.97,6.44318,36,136.162,2.56783,24,61.2944,1.96755,58,93.709,2.40108,281.827,18.1749,33,25.078,3.93511,23,16.2073,16.2407,9,0.775756,23.2622
"Trial_492","C1",11,"FO","F",NA,1997.77,5.53356,29,124.756,3.735,33,95.009,0,61,137.528,0.200089,336.517,24.5109,16,8.83727,4.5687,12,4.90218,0.033348,14,0.515045,15.4445
"Trial_493","C1",11,"NOa_vs_FO","F","Left",1807.6,5.0189,13,115.084,0,23,116.151,45.6533,35,83.5365,47.4541,294.895,65.5286,3,1.10048,0.566914,24,15.8736,45.7533,7,0.185822,5.57224
"Trial_494","C1",11,"NOb_vs_FO","F","Right",1869.58,5.18618,18,47.1876,0.500221,18,233.97,2.73454,35,70.6646,2.53445,300.867,59.6264,6,2.10093,0.600265,4,0.767006,2.80124,8,0.572034,17.1534
"Trial_495","C1",12,"Habitation","M",NA,1013.1,3.37696,15,122.989,2.60118,18,98.5448,0.566924,30,73.3,2.43444,243.177,56.8259,14,43.9867,8.33713,18,18.275,1.1672,9,0.552162,16.5574
"Trial_670","C1",12,"FO","M",NA,1058.79,2.93924,20,220.364,0.066696,17,50.789,0.466872,35,85.8044,0.233436,220.364,139.862,5,90.3731,2.4344,2,0.433524,0.600264,8,0.278351,8.34686
"Trial_671","C1",12,"NOa_vs_FO","M","Left",990.913,2.74931,18,216.494,7.83673,11,30.3465,0,28,108.114,1.26722,206.49,153.933,10,102.645,8.20356,5,1.80078,0.333478,5,0.337031,10.1065
"Trial_498","C1",12,"NOb_vs_FO","M","Right",971.331,2.69173,13,38.15,2.80122,17,84.1034,0.733653,26,225.065,2.70118,255.178,105.679,3,1.50066,2.86792,2,2.4344,128.69,4,0.26406,7.91836
"Trial_499","C2",1,"Habitation","M",NA,1028.31,3.42733,11,81.9694,0.900396,20,154.134,0.366828,29,56.7583,0.233436,174.51,125.522,9,66.6293,7.70339,43,58.0255,84.9707,6,-0.15251,-4.57331
"Trial_672","C2",1,"FO","M",NA,679.645,1.88498,10,184.914,0,19,76.4667,135.226,0,0,NA,156.802,203.856,8,7.90345,0.867045,8,4.0351,139.861,0,-0.135497,-4.06317
"Trial_673","C2",1,"NOa_vs_FO","M","Right",634.697,1.90059,10,19.8755,0,25,210.96,0.566917,0,0,NA,129.224,204.924,4,1.56736,0.400177,4,1.40062,104.446,0,-0.756896,-22.6968
"Trial_674","C2",1,"NOb_vs_FO","M","Left",664.091,1.83421,9,113.783,1.50066,23,110.982,0,0,0,NA,139.828,222.331,6,94.8751,2.26766,6,3.03467,0.66696,0,0.114795,3.44232
"Trial_675","C2",2,"Habitation","M",NA,2483.65,8.26686,40,104.647,4.33527,102,98.9108,0,0,0,NA,269.754,30.6803,14,9.17076,4.73544,8,6.70299,0.867053,0,-1.02232,-30.6557
"Trial_740","C2",2,"FO","M",NA,2680.19,7.38769,31,87.9381,2.63448,85,109.514,2.40104,0,0,NA,320.472,42.3184,27,10.638,2.73452,12,2.66782,0.500217,0,-0.561561,-16.8396
"Trial_741","C2",2,"NOa_vs_FO","M","Left",2601.47,7.19913,47,116.851,0,105,162.605,25.778,0,0,NA,313.338,48.0211,24,7.46995,25.5446,2,0.400176,170.075,0,0.134526,4.03401
"Trial_815","C2",2,"NOb_vs_FO","M","Right",2287.43,6.27557,17,113.161,0.033351,73,156.551,0.100054,0,0,NA,317.472,47.0255,13,4.20228,92.1499,22,6.06995,4.43574,0,-0.381999,-11.4537
"Trial_743","C2",3,"Habitation","F",NA,899.455,3.11197,18,156.671,31.4142,29,91.2079,0,0,0,NA,235.14,53.9911,39,45.0203,32.3146,10,15.7738,37.8171,0,-0.0646603,-1.93893
"Trial_779","C2",3,"FO","F",NA,763.711,2.11716,16,121.22,0,22,191.25,0.300131,0,0,NA,173.442,187.282,21,44.953,6.66958,4,6.10267,0.733653,0,-0.121908,-3.65558
"Trial_745","C2",3,"NOa_vs_FO","F","Right",326.406,0.905445,8,205.891,0,6,134.326,1.70075,8,18.1413,1.53401,25.2111,335.281,6,202.689,0.433524,10,5.60246,1.80079,2,-0.228691,-6.85772
"Trial_746","C2",3,"NOb_vs_FO","F","Left",83.6973,0.23222,2,270.651,0,3,89.7056,0.30013,0,0,NA,6.70291,353.72,5,10.1711,1.66739,0,0,NA,0,-0.311696,-9.34678
"Trial_747","C2",4,"Habitation","M",NA,941.21,3.13282,16,90.4075,0,26,132.627,2.60118,0,0,NA,191.386,109.016,13,12.7391,7.97027,17,15.1735,36.183,0,0.603562,18.0986
"Trial_816","C2",4,"FO","M",NA,824.808,2.99472,17,66.0957,0,32,185.382,51.4893,0,0,NA,166.24,109.481,4,3.53489,63.0611,4,0.867048,152.6,0,0.57969,17.383
"Trial_685","C2",4,"NOa_vs_FO","M","Left",503.666,1.69394,6,11.8053,0,21,221.266,56.0918,0,0,NA,85.0382,212.495,2,0.933752,329.615,4,1.50067,154.87,0,-0.328305,-9.84463
"Trial_749","C2",4,"NOb_vs_FO","M","Right",354.36,1.81178,9,57.3586,0.867048,16,131.558,0.266784,0,0,NA,67.6631,128.423,3,1.16718,0.933744,0,0,NA,0,0.0888355,2.66389
"Trial_750","C2",5,"Habitation","F",NA,1326.06,4.42017,11,11.5052,3.90175,15,247.178,1.13384,20,34.3487,0.833707,260.784,39.2176,3,1.80081,8.8373,18,9.77105,15.3402,2,-0.385557,-11.5614
"Trial_751","C2",5,"FO","F",NA,1474.54,4.09643,10,4.76876,1.6007,7,305.968,0.066696,14,42.2186,0.233436,286.159,73.9992,4,0.366828,1.70075,5,1.40062,0.100044,0,-0.39138,-11.7362
"Trial_752","C2",5,"NOa_vs_FO","F","Right",1171.68,3.25022,12,65.8015,3.00159,16,241.461,0,24,52.3611,2.83483,220.183,140.308,7,41.4886,3.2684,9,2.86819,0.266808,4,0.196653,5.89648
"Trial_753","C2",5,"NOb_vs_FO","F","Left",1091.93,3.02928,11,40.9179,1.23387,12,188.216,13.1057,23,126.789,1.16718,270.952,89.5058,10,4.7354,1.33392,7,3.33479,119.119,2,0.789872,23.6858
"Trial_691","C2",6,"Habitation","M",NA,1710.23,5.70019,38,52.4229,0,44,100.077,0.833697,82,142.429,0.63361,282.49,17.541,16,20.3089,2.06757,38,42.1184,0.900393,6,-0.715266,-21.4486
"Trial_692","C2",6,"FO","M",NA,1656.26,4.59317,7,1.40061,0.200087,17,9.80428,1.23387,22,334.513,0.133391,347.852,12.8389,2,0.100044,0.233435,2,0.300131,2.93461,3,-0.114878,-3.44478
"Trial_693","C2",6,"NOa_vs_FO","M","Left",895.94,2.48487,13,28.0789,2.33435,11,145.43,4.30188,24,181.646,2.23431,216.261,144.296,1,0.133391,186.982,1,140.628,4.36857,2,0.708256,21.2384
"Trial_694","C2",6,"NOb_vs_FO","M","Right",1247.36,3.44202,1,0.233436,2.90128,36,323.142,1.80079,0,0,NA,335.081,27.312,0,0,NA,1,0.266784,258.114,0,1.05233,31.5561
"Trial_695","C2",7,"Habitation","M",NA,1367.05,4.54977,21,98.5103,0.133392,15,124.488,17.2076,35,65.8625,1.03379,228.668,71.7985,16,28.2792,0.16674,5,5.50244,18.008,5,-0.0482068,-1.44557
"Trial_696","C2",7,"FO","M",NA,1384.01,3.8286,14,37.2165,4.4353,33,156.903,1.40062,42,129.624,1.46732,187.75,173.744,12,6.86971,44.3863,10,4.56869,2.13428,9,-0.555228,-16.6495
"Trial_697","C2",7,"NOa_vs_FO","M","Right",733.228,2.03341,14,280.456,6.03597,12,31.6472,0,22,45.0864,5.16892,118.518,242.072,22,186.615,6.10267,5,2.76788,0.833697,7,0.074074,2.22125
"Trial_754","C2",7,"NOb_vs_FO","M","Left",458.161,1.52721,8,213.527,3.53489,8,19.1751,0.466872,16,66.6293,0.266784,73.8658,226.133,6,146.164,3.63493,3,2.30101,0.533568,4,0.0843778,2.53022
"Trial_527","C2",8,"Habitation","F",NA,1769.93,5.89714,27,134.56,0,25,83.704,7.26991,51,74.4999,0.200089,277.224,23.0103,35,17.8079,0.033348,13,8.20366,7.3366,12,-0.0698213,-2.09365
"Trial_528","C2",8,"FO","F",NA,2089.22,5.7784,32,176.443,3.33478,28,86.5042,0.066695,60,96.5085,0.033347,311.535,50.0217,24,35.4821,3.43482,3,0.633608,0.133391,17,-0.386067,-11.577
"Trial_529","C2",8,"NOa_vs_FO","F","Left",1913.89,5.05834,27,159.069,17.9744,29,73.9652,4.56863,56,143.795,0,356.053,22.3096,21,9.20396,83.5693,9,5.50237,58.892,13,-0.156439,-4.69112
"Trial_530","C2",8,"NOb_vs_FO","F","Right",1244.66,4.14932,12,109.782,0.266784,35,78.2346,5.2023,46,111.116,0.233436,196.82,103.146,11,104.28,0.333481,21,8.50376,5.3357,1,0.396722,11.8964
"Trial_531","C2",9,"Habitation","F",NA,1936.17,6.45102,25,64.4287,2.60116,39,137.194,0.633615,63,88.4394,1.06714,288.329,11.9053,26,26.7453,28.2126,45,34.5821,0.833705,11,0.0199073,0.59702
"Trial_532","C2",9,"FO","F",NA,2357.39,6.51707,30,124.988,4.70205,39,72.8985,1.96753,69,145.43,1.90083,338.715,23.2101,34,16.4072,5.30232,10,4.00175,2.06757,14,-0.433743,-13.0067
"Trial_533","C2",9,"NOa_vs_FO","F","Right",2490.23,6.90529,24,20.0089,14.8733,29,25.5446,0.133392,54,300.5,1.30058,353.223,7.40328,4,1.7341,123.088,9,3.43486,0.233436,6,-1.49764,-44.9094
"Trial_534","C2",9,"NOb_vs_FO","F","Left",1592.5,5.31604,11,5.53577,4.66872,48,38.3169,1.6674,61,249.71,1.86749,212.227,87.5385,2,1.23388,6.36947,13,5.66916,5.70251,2,-0.0595273,-1.78504
"Trial_535","C2",10,"Habitation","M",NA,1717.34,5.68338,37,157.203,1.23388,25,41.4518,0,63,94.3087,0.100044,262.217,39.9511,31,38.7506,1.26723,12,9.63763,35.4491,11,0.250199,7.50258
"Trial_536","C2",10,"FO","M",NA,1922.75,5.76229,36,66.9955,2.56777,40,85.7369,6.00259,77,168.673,2.76786,303.297,30.5798,7,2.23429,5.13554,15,8.63705,6.5695,13,-0.521741,-15.6456
"Trial_537","C2",10,"NOa_vs_FO","M","Left",91.9718,0.254988,2,357.99,2.40105,0,0,NA,0,0,NA,4.53531,356.156,2,357.456,2.60114,0,0,NA,0,-0.257972,-7.73577
"Trial_538","C2",10,"NOb_vs_FO","M","Right",809.941,2.70253,18,38.0166,0.300131,41,204.089,0,0,0,NA,171.542,128.256,1,0.233435,107.614,7,2.60113,3.1347,0,-0.123983,-3.71786
"Trial_539","C2",11,"Habitation","F",NA,1517.37,5.06186,13,268.818,0.500219,3,5.8359,41.9518,17,15.3401,0.633612,219.396,80.4687,14,17.8412,1.00044,3,1.93418,42.8855,1,1.06884,32.0513
"Trial_540","C2",11,"FO","F",NA,1785.04,4.94162,33,162.238,1.16718,34,72.0984,0.100044,65,123.288,0.366828,264.683,96.5758,7,80.302,1.23388,27,15.4068,2.5678,19,-0.15982,-4.79248
"Trial_541","C2",11,"NOa_vs_FO","F","Right",1504.43,4.15329,37,153.567,0.066695,17,25.3111,0.967089,50,116.184,0.233435,210.058,152.267,22,12.6055,0.100043,5,1.70074,139.294,14,-0.0821048,-2.46205
"Trial_542","C2",11,"NOb_vs_FO","F","Left",1217.44,4.06223,25,155.034,0.63361,19,43.1855,1.33392,42,95.4083,1.03378,177.978,121.92,6,105.813,2.06757,8,5.33566,7.1031,11,0.00790897,0.237206
"Trial_543","C3",1,"Habitation","M",NA,1654.17,5.50594,26,120.387,1.43397,26,95.5759,0,49,81.2362,1.26723,280.758,19.6754,31,41.9854,1.50067,31,22.6101,26.5452,14,-0.0488368,-1.46441
"Trial_755","C3",1,"FO","M",NA,1798.72,4.95938,22,75.3329,0.566914,30,144.163,25.5778,52,118.752,0,323.575,39.1171,17,7.30319,2.73453,15,8.27028,25.6445,10,0.361898,10.8522
"Trial_700","C3",1,"NOa_vs_FO","M","Left",1553.39,4.31189,26,102.378,2.23432,29,66.796,0.233436,55,188.116,0.100044,288.26,71.9983,13,29.5797,4.63537,7,2.93462,1.90084,13,0.205986,6.17685
"Trial_701","C3",1,"NOb_vs_FO","M","Right",977.149,2.64122,13,59.0258,81.2688,19,76.9003,0.867045,29,165.672,0,189.85,180.212,9,5.53575,82.1692,5,4.0351,57.0583,5,0.307767,9.22897
"Trial_547","C3",2,"Habitation","M",NA,1789.63,5.95415,19,45.9874,0.066696,32,97.8442,1.06715,48,70.165,0.733664,217.865,82.8374,20,11.6386,0.166742,39,24.4444,4.90221,12,0.172519,5.17315
"Trial_548","C3",2,"FO","M",NA,1839.05,6.13432,16,61.9269,1.93417,31,98.3427,1.50065,46,105.546,1.63404,260.646,39.2504,10,5.40234,2.26765,12,9.53747,199.22,13,-0.637647,-19.1211
"Trial_549","C3",2,"NOa_vs_FO","M","Right",1832.02,4.81056,59,229.668,0,68,139.195,3.93506,0,0,NA,257.98,122.854,28,12.7723,48.0211,2,1.03379,163.539,0,0.449659,13.4838
"Trial_550","C3",2,"NOb_vs_FO","M","Left",1495.14,4.15019,37,184.381,3.26809,11,13.806,2.53444,49,109.448,2.33435,208.758,151.7,19,11.5384,91.4066,6,2.23431,4.30188,8,0.592577,17.7695
"Trial_551","C3",3,"Habitation","M",NA,1615.87,5.38922,26,63.8283,0.066696,40,118.052,1.30058,66,87.6055,0.967094,226.934,72.999,5,2.26767,0.133392,6,5.63583,272.221,10,-0.118202,-3.54439
"Trial_552","C3",3,"FO","M",NA,1919.26,5.31564,23,99.2436,0.100044,31,96.8759,2.00088,54,144.03,0.066696,301.866,59.2927,31,20.3089,45.4533,27,13.6727,20.9759,8,0.558644,16.7519
"Trial_553","C3",3,"NOa_vs_FO","M","Left",84.0897,0.233393,2,359.658,0.33348,2,0.600264,0.16674,0,0,NA,5.33568,354.956,11,256.546,0.400176,0,0,NA,0,-0.207074,-6.2095
"Trial_554","C3",3,"NOb_vs_FO","M","Right",171.807,0.476635,3,355.955,1.26722,5,2.16761,0.666958,0,0,NA,14.0061,346.451,6,2.00087,1.36726,2,0.933741,0.133391,0,0.429334,12.8744
"Trial_756","C3",4,"Habitation","M",NA,1428.84,4.76279,20,63.7618,0.967097,19,117.586,0.700312,36,87.2389,0.767008,264.485,35.5158,21,24.8111,1.36728,32,49.5554,33.8484,5,-0.0635949,-1.90697
"Trial_556","C3",4,"FO","M",NA,1470.01,4.02788,20,41.9182,0,21,30.5799,0.566912,36,212.025,0.366825,290.86,74.1988,7,9.37073,277.821,3,0.933739,0.867042,3,-0.746455,-22.384
"Trial_557","C3",4,"NOa_vs_FO","M","Right",1168.74,3.23311,8,22.4765,0.700305,33,56.4246,6.20271,41,276.721,3.30144,260.647,100.844,8,9.43745,2.16761,5,9.03728,6.93636,4,-0.629727,-18.8836
"Trial_558","C3",4,"NOb_vs_FO","M","Left",674.756,1.87142,8,16.9741,0.200088,14,24.2106,0.8337,21,306.068,0,104.179,256.379,2,1.30057,274.454,5,2.36771,2.13427,5,-0.13346,-4.00204
"Trial_757","C3",5,"Habitation","M",NA,1407.73,4.69242,18,32.6145,1.06714,27,95.009,67.4634,43,105.78,2.43442,189.985,110.016,16,18.4416,4.06848,35,30.3469,67.4968,7,-0.15478,-4.64138
"Trial_817","C3",5,"FO","M",NA,619.318,1.71276,4,10.5046,3.10134,11,174.843,0.800347,16,172.441,0,66.7956,294.795,2,1.03378,225.164,15,160.636,1.50065,4,0.333463,9.99967
"Trial_561","C3",5,"NOa_vs_FO","M","Left",1124.45,3.09887,23,55.6908,0.700303,16,85.7372,2.80122,31,204.856,2.46774,141.395,221.463,7,2.40104,0.766999,32,21.1759,2.90126,6,-0.544974,-16.3421
"Trial_562","C3",5,"NOb_vs_FO","M","Right",677.915,1.8724,12,4.36856,2.60113,12,176.677,2.33435,18,161.904,2.43439,68.3296,293.928,0,0,NA,6,6.903,4.00174,3,0.36163,10.8442
"Trial_563","C3",6,"Habitation","M",NA,921.245,3.07081,12,46.2206,1.8675,19,44.1864,0.133392,28,60.8271,0.033348,155.102,144.898,13,12.7057,2.60116,13,9.83772,0.967097,5,-0.405764,-12.1675
"Trial_564","C3",6,"FO","M",NA,235.921,0.650589,6,329.145,0,0,0,NA,6,1.6007,0.700308,9.73762,353.089,4,0.566916,0.933744,0,0,NA,0,-0.142693,-4.27891
"Trial_565","C3",6,"NOa_vs_FO","M","Right",11.7539,0.0325993,1,360.592,0,0,0,NA,0,0,NA,0,360.559,0,0,NA,0,0,NA,0,0.420833,12.6194
"Trial_566","C3",6,"NOb_vs_FO","M","Left",40.6678,2.49387,1,0.166739,0,2,15.0399,0.166739,0,0,NA,2.53444,13.8727,1,0.066695,0,0,0,NA,0,-0.585829,-17.5674
"Trial_567","C3",7,"Habitation","F",NA,1047.16,3.49054,26,179.213,1.06714,15,32.0476,1.70076,35,82.4701,1.03379,120.654,179.347,15,52.5568,1.13384,7,9.2708,74.5666,5,0.237958,7.13549
"Trial_568","C3",7,"FO","F",NA,108.191,0.298875,1,0.266785,3.5349,3,1.36727,1.56736,0,0,NA,6.00266,356.091,0,0,NA,3,1.23388,0.800354,0,-0.377829,-11.3298
"Trial_569","C3",7,"NOa_vs_FO","F","Left",18.9361,14.1958,0,0,NA,1,1.03379,0,0,0,NA,1.16718,0.266784,0,0,NA,1,0.16674,1.13383,0,6.99626,209.8
"Trial_570","C3",7,"NOb_vs_FO","F","Right",395.982,1.95268,5,18.7082,1.43396,1,0.233436,4.0351,4,172.475,2.66783,29.8797,173.209,1,0.300131,2.23431,0,0,NA,0,0.209903,6.29435
"Trial_841","C3",8,"Habitation","M",NA,1714.27,5.71423,37,102.779,1.66741,28,96.5764,0.466874,60,94.1086,0.566919,177.713,122.288,42,35.6159,2.80125,19,11.1049,82.6368,15,0.382137,11.4591
"Trial_760","C3",8,"FO","M",NA,912.564,2.89792,15,23.2434,2.50108,18,122.72,0.100043,29,20.3088,0.133391,66.829,248.274,12,3.96839,4.5353,5,2.80122,208.991,7,0.18678,5.60096
"Trial_573","C3",8,"NOa_vs_FO","M","Right",311.709,0.864121,7,349.152,1.23399,3,4.26893,0.500265,8,4.56909,1.06723,23.1456,337.579,7,285.118,1.26734,1,0.700371,291.521,1,-0.236063,-7.07815
"Trial_761","C3",8,"NOb_vs_FO","M","Left",888.347,3.5162,13,181.78,3.00132,14,18.6415,0.867048,27,33.1813,0.700308,80.7355,172.109,12,69.5639,3.06802,5,1.10048,2.5011,9,0.210992,6.32697
